연번,광역자치단체명,기초자치단체명,축제명,축제 유형,시작일,종료일
3,강원,춘천시,2025 썸머워터페스티벌,문화예술-음악·공연,2025-07-25,2025-08-13
4,강원,춘천시,춘천막국수닭갈비축제,지역특산물-먹거리·로컬장터,2025-10-16,2025-10-19
5,강원,원주시,2025 댄싱카니발,문화예술-음악·공연,2025-09-26,2025-09-28
6,강원,원주시,원주 한지문화제,문화예술-음악·공연,2025-05-22,2025-05-25
8,강원,원주시,장미축제,문화예술-음악·공연,2025-06-04,2025-06-08
9,강원,원주시,섬강축제,문화예술-음악·공연,2025-09-19,2025-09-21
12,강원,원주시,제11회 치악산한우 축제,지역특산물-육류·유제품,2025-05-23,2025-05-25
13,강원,원주시,댄싱카니발과 함께하는 치악산한우 숯불구이행사,지역특산물-육류·유제품,2025-09-26,2025-09-28
14,강원,원주시,제13회 치악산 찰옥수수 축제,지역특산물-먹거리·로컬장터,2025-07-11,2025-07-12
16,강원,원주시,제4회 치악산 고구마 축제,지역특산물-농산물·과일·채소,2025-10-18,2025-10-19
18,강원,원주시,제31회 국제걷기대회,문화예술-음악·공연,2025-10-25,2025-10-26
22,강원,원주시,2025 원주만두축제,지역특산물-먹거리·로컬장터,2025-10-24,2025-10-26
25,강원,강릉시,경포 벚꽃 축제,자연생태-꽃·식물,2025-03-28,2025-04-02
28,강원,강릉시,난설헌문화제,문화예술-음악·공연,2025-04-19,2025-04-20
30,강원,강릉시,강릉 차문화 축제,문화예술-음악·공연,2025-05-23,2025-05-25
31,강원,강릉시,2025 강릉단오제,전통역사-전통·민속,2025-05-27,2025-06-03
32,강원,강릉시,강릉 비치비어 페스티벌,문화예술-음악·공연,2025-06-27,2025-07-05
33,강원,강릉시,강릉 버스킹 전국대회,문화예술-음악·공연,2025-07-04,2025-08-17
34,강원,강릉시,경포 썸머 페스티벌,문화예술-음악·공연,2025-07-29,2025-08-04
36,강원,강릉시,강릉 국가유산 야행,전통역사-전통·민속,2025-08-14,2025-08-16
37,강원,강릉시,강릉국제예술페스티벌,문화예술-음악·공연,2025-09-01,2025-09-14
38,강원,강릉시,경포 등 축제,전통역사-전통·민속,2025-10-03,2025-10-07
39,강원,강릉시,제4회 강릉 누들 축제,지역특산물-먹거리·로컬장터,2025-10-17,2025-10-19
42,강원,동해시,제12회 전천축제,문화예술-음악·공연,2025-04-04,2025-04-06
43,강원,동해시,2025 무릉별유천지 라벤더축제,자연생태-하늘·천문,2025-06-14,2025-06-22
50,강원,태백시,제32회 태백산 눈축제,문화예술-음악·공연,2025-02-07,2025-02-16
51,강원,태백시,제10회 한강낙동강발원지 축제,문화예술-음악·공연,2025-07-26,2025-08-03
58,강원,삼척시,삼척정원대보름제,전통역사-전통·민속,2025-02-14,2025-02-16
59,강원,삼척시,제21회 삼척맹방유채꽃축제,자연생태-꽃·식물,2025-03-27,2025-04-20
60,강원,삼척시,삼척 장미축제,자연생태-꽃·식물,2025-05-23,2025-06-01
61,강원,삼척시,삼척동해왕이사부축제,전통역사-전통·민속,2025-09-06,2025-09-07
62,강원,삼척시,삼척 비치 썸 페스티벌,문화예술-음악·공연,2025-08-01,2025-08-03
63,강원,삼척시,"제16회 삼척평생학습박람회 및 
제6회 책축제",문화예술-문학·독서,2025-10-25,2025-10-26
64,강원,삼척시,2025 삼척 문화유산 야행,전통역사-전통·민속,2025-09-26,2025-09-28
65,강원,홍천군,제13회 홍천강 꽁꽁축제,전통역사-전통·민속,2025-01-18,2025-02-01
78,강원,횡성군,제3회 강원예술인 한마당,문화예술-음악·공연,2025-10-17,2025-10-19
79,강원,영월군,단종문화제,전통역사-전통·민속,2025-04-25,2025-04-27
80,강원,영월군,동강국제사진제,문화예술-전시·미술·사진,2025-07-18,2025-09-28
81,강원,영월군,동강뗏목축제,문화예술-음악·공연,2025-08-01,2025-08-03
82,강원,영월군,김삿갓문화제,전통역사-전통·민속,2025-10-17,2025-10-19
88,강원,평창군,2025년 평창송어축제,지역특산물-먹거리·로컬장터,2025-01-03,2025-02-02
89,강원,평창군,2025년 대관령눈꽃축제,자연생태-꽃·식물,2025-01-24,2025-02-02
90,강원,정선군,정선동강할미꽃축제,자연생태-꽃·식물,2025-03-21,2025-03-23
99,강원,정선군,제50회 정선아리랑제,전통역사-전통·민속,2025-09-25,2025-09-28
100,강원,철원군,제13회 철원 한탄강 얼음트레킹 축제,자연생태-산·숲·생태,2025-01-11,2025-01-19
101,강원,철원군,제18회 철원 화강 다슬기 축제,자연생태-산·숲·생태,2025-07-31,2025-08-03
102,강원,철원군,제42회 태봉제,전통역사-전통·민속,2025-10-02,2025-10-04
103,강원,화천군,2025 얼음나라화천산천어축제,자연생태-산·숲·생태,2025-01-11,2025-02-02
104,강원,화천군,제21회 화천토마토축제,지역특산물-먹거리·로컬장터,2025-07-29,2025-08-03
105,강원,양구군,2025 청춘양구 곰취축제,지역특산물-먹거리·로컬장터,2025-05-03,2025-05-06
106,강원,양구군,2025 국토정중앙 청춘양구 배꼽축제,문화예술-음악·공연,2025-08-29,2025-08-31
108,강원,양구군,2025 청춘양구 펀치볼시래기사과축제,지역특산물-농산물·과일·채소,2025-10-31,2025-11-02
109,강원,양구군,국토정중앙 양구 보름달 축제,문화예술-음악·공연,2025-10-05,2025-10-07
110,강원,양구군,제6회 수목원과 함께하는 튤립여행,자연생태-꽃·식물,2025-05-06,2025-05-21
115,강원,인제군,용대황태축제,자연생태-산·숲·생태,2025-10-02,2025-10-05
116,강원,인제군,하추리도리깨축제,자연생태-산·숲·생태,2025-10-25,2025-10-26
117,강원,인제군,인제천리길걷기축제,자연생태-산·숲·생태,2025-10-18,2025-10-19
119,강원,양양군,2025 양양 모닥불축제,전통역사-전통·민속,2025-02-14,2025-02-15
120,강원,양양군,2025 양양 생태생명축제,자연생태-산·숲·생태,2025-04-04,2025-04-13
121,강원,양양군,2025 양양 워터댄싱카니발,문화예술-음악·공연,2025-06-28,2025-07-05
124,경기,수원시,2025 '새빛 숲속의 파티' 수원연극축제,문화예술-연극·뮤지컬·영화,2025-05-17,2025-05-18
125,경기,수원시,2025 수원발레축제,문화예술-음악·공연,2025-09-05,2025-09-06
126,경기,수원시,2025 수원재즈페스티벌,문화예술-음악·공연,2025-09-19,2025-09-20
127,경기,수원시,수원연등축제,전통역사-전통·민속,2025-04-19,2025-04-19
128,경기,수원시,2025. 부활절 음악 대축제,문화예술-음악·공연,2025-04-20,2025-04-20
129,경기,수원시,2025 수원 국가유산 야행,전통역사-전통·민속,2025-05-30,2025-06-01
130,경기,수원시,2025 수원누리 평화 콘서트,문화예술-음악·공연,2025-08-15,2025-08-15
131,경기,수원시,2025 만석거 새빛 축제,문화예술-음악·공연,2025-04-04,2025-04-13
132,경기,수원시,제62회 수원화성문화제,문화예술-음악·공연,2025-09-27,2025-10-04
133,경기,수원시,2025 국가유산 미디어아트 수원화성,문화예술-전시·미술·사진,2025-09-27,2025-10-12
134,경기,수원시,2025정조대왕 능행차 공동재현,문화예술-음악·공연,2025-09-28,2025-09-28
136,경기,용인시,도농 어울림 축제,자연생태-산·숲·생태,2025-04-19,2025-10-19
138,경기,용인시,제21회 포은문화제,전통역사-전통·민속,2025-10-18,2025-10-19
139,경기,용인시,제34회 처인성문화제,전통역사-전통·민속,2025-05-31,2025-06-01
141,경기,고양시,2025 행주가예술이야,전통역사-전통·민속,2025-04-11,2025-04-27
142,경기,고양시,2025 고양국제꽃박람회,자연생태-꽃·식물,2025-04-25,2025-05-11
143,경기,고양시,제37회 고양행주문화제,문화예술-음악·공연,2025-05-23,2025-05-25
144,경기,고양시,2025 고양호수예술축제,문화예술-음악·공연,2025-09-26,2025-09-28
145,경기,고양시,제2회 K팝꽃팝축제,문화예술-음악·공연,2025-12-20,2025-12-25
146,경기,화성시,제15회 화성뱃놀이축제,자연생태-산·숲·생태,2025-05-30,2025-06-02
149,경기,부천시,제28회 부천국제만화축제,문화예술-음악·공연,2025-09-25,2025-09-28
150,경기,부천시,제9회 경기국제코스프레페스티벌,문화예술-음악·공연,2025-09-25,2025-09-28
151,경기,부천시,제27회 부천국제애니메이션페스티벌,문화예술-음악·공연,2025-10-24,2025-10-28
152,경기,부천시,제29회 부천국제판타스틱영화제,문화예술-연극·뮤지컬·영화,2025-07-03,2025-07-13
153,경기,남양주시,제20회 광릉숲축제,자연생태-산·숲·생태,2025-09-27,2025-09-28
154,경기,남양주시,제39회 정약용문화제,전통역사-전통·민속,2025-10-18,2025-10-19
155,경기,안산시,제21회 안산국제거리극축제,문화예술-음악·공연,2025-05-03,2025-05-05
156,경기,안산시,제39회 별망성예술제,문화예술-음악·공연,2025-09-20,2025-09-21
158,경기,안산시,제28회 성호문화제,문화예술-음악·공연,2025-05-31,2025-06-01
159,경기,안산시,제6회 김홍도문화제,전통역사-전통·민속,2025-10-31,2025-11-02
160,경기,안산시,2025년 안산 대부포도축제,지역특산물-농산물·과일·채소,2025-09-19,2025-09-21
162,경기,평택시,한미친선 한마음 축제,문화예술-음악·공연,2025-05-17,2025-05-18
163,경기,평택시,한미친선 문화 한마당,문화예술-음악·공연,2025-09-20,2025-09-21
164,경기,평택시,한미 어울림 축제,문화예술-음악·공연,2025-09-27,2025-10-28
166,경기,평택시,2025 평택꽃나들이,문화예술-음악·공연,2025-04-12,2025-04-16
168,경기,안양시,2025 안양충훈벚꽃축제,자연생태-꽃·식물,2025-04-05,2025-04-06
169,경기,안양시,제34회 안양예술제,문화예술-음악·공연,2025-05-02,2025-05-03
170,경기,안양시,제22회 안양스마T움축제,문화예술-음악·공연,2025-05-31,2025-06-01
171,경기,안양시,2025 안양춤축제,문화예술-음악·공연,2025-09-26,2025-09-28
172,경기,안양시,먹거리 한마당,문화예술-음악·공연,2025-09-26,2025-09-28
174,경기,시흥시,거북섬 봄 페스타,문화예술-음악·공연,2025-05-17,2025-05-18
175,경기,시흥시,제4회 거북섬 해양축제,문화예술-음악·공연,2025-08-29,2025-08-31
176,경기,시흥시,제20회 시흥갯골축제,자연생태-산·숲·생태,2025-09-26,2025-09-28
177,경기,시흥시,제32회 물왕예술제,문화예술-음악·공연,2025-05-09,2025-05-11
178,경기,시흥시,연성문화제,전통역사-전통·민속,2025-10-18,2025-10-19
180,경기,파주시,파주출판도시 어린이책잔치,문화예술-문학·독서,2025-05-03,2025-05-05
181,경기,파주시,파주상생페스타,문화예술-음악·공연,2025-05-17,2025-05-17
182,경기,파주시,DMZ국제다큐멘터리영화제,문화예술-연극·뮤지컬·영화,2025-09-11,2025-09-17
183,경기,파주시,파주포크페스티벌,문화예술-음악·공연,2025-09-19,2025-09-20
184,경기,파주시,헤이리 판 페스티벌,문화예술-음악·공연,2025-09-26,2025-09-28
185,경기,파주시,파주페어_북앤컬처,문화예술-음악·공연,2025-10-03,2025-10-05
186,경기,파주시,율곡문화제,전통역사-전통·민속,2025-10-11,2025-10-12
187,경기,파주시,운정호수공원 불꽃축제,문화예술-음악·공연,2025-11-01,2025-11-01
188,경기,파주시,제20회 파주개성인삼축제,지역특산물-먹거리·로컬장터,2025-10-18,2025-10-19
189,경기,파주시,제29회 파주장단콩축제,지역특산물-먹거리·로컬장터,2025-11-21,2025-11-23
190,경기,김포시,김포 벚꽃축제,문화예술-음악·공연,2025-04-05,2025-04-06
191,경기,김포시,김포 아라마린페스티벌,문화예술-음악·공연,2025-05-31,2025-06-01
192,경기,김포시,김포 라베니체축제,문화예술-음악·공연,2025-10-11,2025-10-11
193,경기,김포시,김포 해병대 문화축제,문화예술-음악·공연,2025-11-01,2025-11-01
197,경기,의정부시,제40회 회룡문화제,전통역사-전통·민속,2025-09-27,2025-09-28
198,경기,의정부시,제18회 의정부 부대찌개 축제,지역특산물-먹거리·로컬장터,2025-10-18,2025-10-19
201,경기,광주시,제28회 광주왕실도자페스티벌,전통역사-전통·민속,2025-04-25,2025-05-06
202,경기,광주시,제23회 퇴촌토마토축제,지역특산물-먹거리·로컬장터,2025-06-20,2025-06-22
204,경기,하남시,2025 하남이성산성문화제,전통역사-전통·민속,2025-09-27,2025-09-30
205,경기,광명시,오리문화제,전통역사-전통·민속,2025-05-09,2025-05-10
206,경기,광명시,2025 광명마당극축제,문화예술-음악·공연,2025-09-05,2025-09-07
207,경기,광명시,제17회 광명농악대축제,전통역사-전통·민속,2025-10-18,2025-10-19
211,경기,광명시,광명동굴 빛 축제,문화예술-음악·공연,2025-10-21,2025-10-26
212,경기,군포시,군포철쭉축제,자연생태-산·숲·생태,2025-04-19,2025-04-27
214,경기,양주시,제8회 양주 회암사지 왕실축제,전통역사-전통·민속,2025-05-30,2025-06-01
215,경기,양주시,제7회 양주 천만송이 천일홍 축제,자연생태-산·숲·생태,2025-09-26,2025-09-28
216,경기,양주시,양주국가유산 야행,전통역사-전통·민속,2025-09-19,2025-09-21
219,경기,이천시,제39회 이천도자기축제,문화예술-음악·공연,2025-04-25,2025-05-06
220,경기,이천시,제24회 이천쌀문화축제,지역특산물-먹거리·로컬장터,2025-10-22,2025-10-26
221,경기,이천시,제11회 이천체험문화축제,문화예술-음악·공연,2025-04-05,2025-04-06
226,경기,안성시,안성맞춤 남사당 바우덕이축제,전통역사-전통·민속,2025-10-09,2025-10-12
227,경기,구리시,2025 구리 유채꽃 축제,문화예술-음악·공연,2025-05-09,2025-05-11
228,경기,구리시,2025 구리 코스모스 축제,문화예술-음악·공연,2025-10-10,2025-10-12
229,경기,의왕시,의왕어린이철도축제,문화예술-음악·공연,2025-05-03,2025-05-03
230,경기,의왕시,의왕백운호수축제,문화예술-음악·공연,2025-09-27,2025-09-28
231,경기,포천시,제28회 포천 산정호수 명성산 억새꽃축제,문화예술-음악·공연,2025-10-18,2025-11-02
233,경기,포천시,2025 포천 한탄강 세계 드론 제전,문화예술-음악·공연,2025-10-09,2025-10-12
234,경기,포천시,포천 한우 축제,지역특산물-육류·유제품,2025-09-27,2025-09-28
235,경기,포천시,한탄강 세계지질공원 가든페스타(봄),자연생태-산·숲·생태,2025-05-03,2025-06-15
236,경기,포천시,한탄강 세계지질공원 가든페스타(가을),자연생태-산·숲·생태,2025-08-23,2025-11-09
237,경기,포천시,포천백운계곡 동장군 축제,자연생태-산·숲·생태,2025-12-20,2026-02-22
238,경기,포천시,2025년 포천 농특산물 대축제(상반기),지역특산물-먹거리·로컬장터,2025-05-03,2025-06-15
239,경기,포천시,2025년 포천 농특산물 대축제(하반기),지역특산물-먹거리·로컬장터,2025-08-23,2025-11-09
240,경기,포천시,2025 포천 한탄강 윈터 환타지아,자연생태-산·숲·생태,2025-12-19,2026-02-22
241,경기,양평군,제15회 양평용문산 산나물축제,지역특산물-먹거리·로컬장터,2025-04-25,2025-04-27
244,경기,양평군,제26회 양평단월고로쇠축제,지역특산물-먹거리·로컬장터,2025-03-15,2025-03-16
245,경기,양평군,제22회 산수유한우축제,지역특산물-육류·유제품,2025-03-29,2025-03-30
246,경기,양평군,제15회 양평용문산 산나물축제,지역특산물-먹거리·로컬장터,2025-04-25,2025-04-27
247,경기,양평군,제1회  양평수박 축제,지역특산물-농산물·과일·채소,2025-07-05,2025-07-06
254,경기,여주시,제3회 강천섬 힐링 문화축제,문화예술-음악·공연,2025-10-24,2025-11-02
255,경기,여주시,제9회여주흥천남한강벚꽃축제,자연생태-꽃·식물,2025-04-04,2025-04-06
257,경기,여주시,제37회 여주도자기축제,문화예술-음악·공연,2025-05-01,2025-05-11
258,경기,여주시,2025 여주오곡나루축제,지역특산물-먹거리·로컬장터,2025-10-17,2025-10-19
264,경기,과천시,과천공연예술축제,문화예술-음악·공연,2025-09-19,2025-09-21
265,경기,가평군,2025 Colorful Garden 자라섬 꽃 페스타(봄),문화예술-음악·공연,2025-05-24,2025-06-15
266,경기,가평군,2025 Colorful Garden 자라섬 꽃 페스타(가을),문화예술-음악·공연,2025-09-13,2025-10-12
267,경기,가평군,제2회 재즈페스티벌 in 가평,문화예술-음악·공연,2025-10-17,2025-10-19
268,경기,가평군,제22회 자라섬재즈페스티벌,문화예술-음악·공연,2025-10-17,2025-10-19
269,경기,연천군,제32회 연천 구석기 축제,전통역사-전통·민속,2025-05-02,2025-05-05
270,경기,연천군,제10회 통일바라기 축제,자연생태-산·숲·생태,2025-08-30,2025-09-08
272,경기,연천군,2025년 임진강 댑싸리정원 개장,자연생태-산·숲·생태,2025-09-01,2025-10-31
273,경기,연천군,제7회 연천국화축제,자연생태-산·숲·생태,2025-10-17,2025-10-26
274,경남,창원시,제63회 진해군항제,자연생태-산·숲·생태,2025-03-29,2025-04-06
278,경남,창원시,문화다양성축제 MAMF(맘프) 2025,문화예술-음악·공연,2025-10-24,2025-10-26
282,경남,진주시,제24회 진주논개제,전통역사-전통·민속,2025-05-03,2025-05-06
287,경남,통영시,제20회 봉숫골꽃나들이 축제,문화예술-음악·공연,2025-03-29,2025-03-30
288,경남,통영시,제64회 통영한산대첩축제,전통역사-전통·민속,2025-08-09,2025-08-14
289,경남,통영시,제2회 통영어부장터축제,지역특산물-먹거리·로컬장터,2025-10-24,2025-10-26
290,경남,사천시,제6회 선진리성 벚꽃축제,문화예술-음악·공연,2025-03-29,2025-03-30
291,경남,사천시,제10회 사천비토섬별주부전축제,문화예술-음악·공연,2025-04-04,2025-04-05
292,경남,사천시,제27회 와룡문화제,문화예술-음악·공연,2025-05-01,2025-05-04
293,경남,사천시,2025년 사천시 삼천포항 수산물축제,지역특산물-수산·해산물,2025-05-23,2025-05-25
294,경남,사천시,제22회 사천시 삼천포항 자연산전어축제,지역특산물-먹거리·로컬장터,2025-08-15,2025-08-17
296,경남,김해시,2025 가야문화축제,문화예술-음악·공연,2025-04-11,2025-04-13
297,경남,김해시,제2회 김해한우축제,지역특산물-육류·유제품,2025-05-22,2025-05-25
299,경남,김해시,2025 김해문화재야행,전통역사-전통·민속,2025-10-17,2025-10-19
300,경남,김해시,제2회 부원동 뒷고기 축제,지역특산물-먹거리·로컬장터,2025-10-26,2025-10-27
301,경남,김해시,제41회 김해진영단감축제,지역특산물-먹거리·로컬장터,2025-10-31,2025-11-02
302,경남,김해시,제30회 김해분청도자기축제,문화예술-음악·공연,2025-11-05,2025-11-10
304,경남,밀양시,제2회 MY아리나드림페스티벌,문화예술-음악·공연,2025-03-08,2025-03-30
306,경남,밀양시,제67회 밀양아리랑대축제,문화예술-음악·공연,2025-05-22,2025-05-25
310,경남,밀양시,제16회 밀양대추축제,지역특산물-먹거리·로컬장터,2025-10-18,2025-10-19
313,경남,거제시,거제맹종대나무축제,지역특산물-먹거리·로컬장터,2025-04-25,2025-04-27
314,경남,거제시,제1회 숭어축제,지역특산물-먹거리·로컬장터,2025-04-05,2025-04-06
315,경남,거제시,제63회 거제옥포대첩 축제,전통역사-전통·민속,2025-06-13,2025-06-15
316,경남,거제시,남부면 수국축제,자연생태-산·숲·생태,2025-06-22,2025-06-23
317,경남,거제시,2025년 거제여름해양축제,문화예술-음악·공연,2025-07-25,2025-07-27
319,경남,거제시,제14회 거제둔덕 포도축제,지역특산물-농산물·과일·채소,2025-09-06,2025-09-07
320,경남,거제시,제19회 거제섬꽃축제,문화예술-음악·공연,2025-10-25,2025-11-09
321,경남,양산시,2025 원동미나리축제,지역특산물-먹거리·로컬장터,2025-02-22,2025-03-31
322,경남,양산시,2025 원동매화축제,지역특산물-먹거리·로컬장터,2025-03-01,2025-03-03
323,경남,양산시,2025 물금벚꽃축제,문화예술-음악·공연,2025-03-29,2025-03-30
325,경남,양산시,2025 양산삽량문화축전,전통역사-전통·민속,2025-09-26,2025-09-28
326,경남,양산시,양산국화축제,자연생태-산·숲·생태,2025-10-24,2025-11-09
327,경남,양산시,배내골사과축제,지역특산물-농산물·과일·채소,2025-11-01,2025-11-02
328,경남,의령군,제22회 의령토요애수박축제,지역특산물-농산물·과일·채소,2025-04-17,2025-04-20
329,경남,의령군,제50회 의령 홍의장군축제,전통역사-전통·민속,2025-04-17,2025-04-20
334,경남,함안군,제14회 함안곶감축제,지역특산물-먹거리·로컬장터,2025-01-10,2025-01-12
335,경남,함안군,제6회 대한민국 함안 수박축제,지역특산물-농산물·과일·채소,2025-04-26,2025-04-28
336,경남,함안군,제3회 칠서생태공원 청보리·작약축제,자연생태-산·숲·생태,2025-05-09,2025-05-11
337,경남,함안군,제13회 강주해바라기 축제,자연생태-산·숲·생태,2025-06-18,2025-07-02
338,경남,함안군,제37회 아라가야문화제,전통역사-전통·민속,2025-09-10,2025-09-12
339,경남,창녕군,제64회 3.1민속문화제,전통역사-전통·민속,2025-02-28,2025-03-03
340,경남,창녕군,제30회 부곡온천축제,자연생태-산·숲·생태,2025-03-28,2025-03-30
341,경남,창녕군,제20회 창녕낙동강유채축제,자연생태-꽃·식물,2025-04-10,2025-04-13
342,경남,창녕군,제39회 비사벌문화제,문화예술-음악·공연,2025-10-24,2025-10-26
343,경남,고성군,당항포대첩축제,전통역사-전통·민속,2025-04-25,2025-04-27
344,경남,고성군,만화방초 수국축제,자연생태-산·숲·생태,2025-07-01,2025-07-31
346,경남,고성군,기월안뜰 경관농업지구 가을꽃축제,자연생태-꽃·식물,2025-09-12,2025-09-14
347,경남,고성군,경남고성공룡세계엑스포,문화예술-음악·공연,2025-10-01,2025-11-08
348,경남,고성군,고성 수산물 가리비 축제,지역특산물-수산·해산물,2025-10-31,2025-10-02
349,경남,남해군,"2025 고향사랑 방문의 해 기념 ""꽃 피는 남해""",자연생태-꽃·식물,2025-03-28,2025-03-29
351,경남,남해군,"제19회 보물섬 해산물 축제(부제:국민고향,남해)",지역특산물-수산·해산물,2025-05-09,2025-05-10
354,경남,하동군,제27회 화개장터 벚꽃축제,지역특산물-먹거리·로컬장터,2025-03-28,2025-03-30
356,경남,하동군,제9회 하동섬진강문화재첩축제,지역특산물-먹거리·로컬장터,2025-06-20,2025-06-22
360,경남,산청군,지리산산청곶감축제위원회,지역특산물-먹거리·로컬장터,2025-01-02,2025-01-05
361,경남,산청군,산청 농특산물 대제전,지역특산물-먹거리·로컬장터,2025-04-11,2025-04-13
362,경남,산청군,생초국제조각공원꽃잔디축제,자연생태-꽃·식물,2025-04-14,2025-04-27
363,경남,산청군,산청황매산철쭉제,자연생태-산·숲·생태,2025-04-26,2025-05-11
364,경남,산청군,ON산청 빛나는 여름밤 페스티벌,문화예술-음악·공연,2025-07-27,2025-07-28
371,경남,거창군,창포원 힐링치유 봄축제(가칭),자연생태-산·숲·생태,2025-05-16,2025-05-18
372,경남,거창군,제6회 거창 아리미아 꽃 축제,자연생태-꽃·식물,2025-05-16,2025-05-18
373,경남,거창군,제6회 거창韓 거창산양삼축제,지역특산물-먹거리·로컬장터,2025-05-16,2025-05-18
374,경남,거창군,제5회 감악산 꽃&별여행,자연생태-꽃·식물,2025-09-22,2025-10-13
375,경남,거창군,제35회 거창국제연극제,문화예술-연극·뮤지컬·영화,2025-07-25,2025-08-03
376,경남,거창군,2025 거창한마당대축제,문화예술-음악·공연,2025-09-25,2025-09-28
377,경남,합천군,제29회 황매산철쭉제,자연생태-산·숲·생태,2025-04-26,2025-05-11
380,경남,합천군,제3회 합천황토한우축제,지역특산물-육류·유제품,2025-10-24,2025-10-26
383,경북,포항시,제28회 호미곶한민족해맞이축전,문화예술-음악·공연,2025-12-31,2026-01-01
384,경북,포항시,포항해병대문화축제,문화예술-음악·공연,2025-04-26,2025-04-27
386,경북,포항시,포항국제불빛축제,문화예술-음악·공연,2025-05-30,2025-06-01
387,경북,포항시,2025 포항 재팬위크 행사,문화예술-음악·공연,2025-05-30,2025-05-31
389,경북,포항시,포항운하축제,문화예술-음악·공연,2025-09-20,2025-09-21
391,경북,포항시,포항국제청년캠프행사,문화예술-음악·공연,2025-09-25,2025-09-28
392,경북,포항시,2025 스틸아트페스티벌,문화예술-음악·공연,2025-10-25,2025-11-02
393,경북,포항시,호미반도 유채꽃 개장식,자연생태-꽃·식물,2025-03-29,2025-03-30
402,경북,안동시,2025 안동암산얼음축제,자연생태-산·숲·생태,2025-01-18,2025-01-26
403,경북,안동시,2025 차전장군노국공주축제,문화예술-음악·공연,2025-05-01,2025-05-06
406,경북,안동시,2025 안동국제탈춤페스티벌,전통역사-전통·민속,2025-09-26,2025-10-05
407,경북,김천시,2025 김천김밥축제,문화예술-음악·공연,2025-10-25,2025-10-26
408,경북,김천시,2025 연화지 벚꽃 페스타,문화예술-음악·공연,2025-03-29,2025-04-06
409,경북,김천시,제14회 농촌체험축제,지역특산물-먹거리·로컬장터,2025-10-18,2025-10-19
410,경북,김천시,2025 김천포도축제,지역특산물-농산물·과일·채소,2025-09-19,2025-09-21
411,경북,구미시,"청춘, 금오천 벚꽃 페스티벌",문화예술-음악·공연,2025-04-04,2025-04-08
412,경북,구미시,금오예술제,문화예술-음악·공연,2025-09-18,2025-09-20
424,경북,영천시,제23회 영천한약축제,지역특산물-먹거리·로컬장터,2025-09-26,2025-09-28
426,경북,영천시,제13회 영천와인페스타,지역특산물-술·음료,2025-09-27,2025-09-28
428,경북,영천시,제5회 중악팔공산 은빛문화제,문화예술-음악·공연,2025-09-07,2025-09-08
429,경북,영천시,제22회 영천보현산별빛축제,지역특산물-먹거리·로컬장터,2025-10-17,2025-10-19
430,경북,상주시,2025 상주곶감축제,지역특산물-먹거리·로컬장터,2025-01-09,2025-01-12
435,경북,문경시,제27회 문경찻사발축제,문화예술-음악·공연,2025-05-03,2025-05-11
440,경북,경산시,2025 경산자인단오제,자연생태-산·숲·생태,2025-05-30,2025-06-01
443,경북,의성군,제18회 산수유마을 꽃맞이 행사,자연생태-꽃·식물,2025-03-22,2025-03-30
444,경북,의성군,제3회 남대천 벚꽃축제,자연생태-꽃·식물,2025-04-05,2025-04-06
446,경북,청송군,제19회 청송사과축제,지역특산물-농산물·과일·채소,2025-10-29,2025-11-02
447,경북,청송군,제2회 청송백자축제,문화예술-음악·공연,2025-05-23,2025-05-25
448,경북,영양군,제20회 영양산나물축제,지역특산물-먹거리·로컬장터,2025-05-08,2025-05-11
449,경북,영양군,캠핑과 함께하는 별빛 반딧불이 체험,자연생태-곤충·반딧불,2025-08-24,2025-08-25
450,경북,영양군,제 4회 수비 능이축제,지역특산물-먹거리·로컬장터,2025-10-10,2025-10-12
451,경북,영덕군,제28회 영덕대게축제,지역특산물-먹거리·로컬장터,2025-03-14,2025-03-17
453,경북,영덕군,영덕 국가유산 야행,전통역사-전통·민속,2025-06-20,2025-06-21
456,경북,청도군,정월대보름민속한마당행사,문화예술-음악·공연,2025-02-12,2025-02-12
460,경북,고령군,고령 대가야축제,전통역사-전통·민속,2025-03-28,2025-03-30
461,경북,성주군,2025 성주참외&생명문화축제,문화예술-음악·공연,2025-05-15,2025-05-18
462,경북,성주군,2025 성주가야산 황금들녘 메뚜기 축제,자연생태-산·숲·생태,2025-10-18,2025-10-19
464,경북,칠곡군,"쉼과 힐링, 가톨릭 페스티벌",문화예술-음악·공연,2025-05-16,2025-05-18
465,경북,칠곡군,제12회 칠곡낙동강평화축제,전통역사-전통·민속,2025-10-23,2025-10-26
466,경북,칠곡군,제16회 낙동강지구 전투 전승행사,전통역사-전통·민속,2025-10-23,2025-10-26
467,경북,칠곡군,칠곡꿀맥 페스타,지역특산물-먹거리·로컬장터,2025-06-20,2025-06-21
468,경북,칠곡군,인문학마을 축제,전통역사-전통·민속,2025-04-12,2025-04-12
469,경북,칠곡군,칠곡 문화물결축제,문화예술-음악·공연,2025-05-31,2025-05-31
471,경북,예천군,2025 회룡포 봄꽃축제,문화예술-음악·공연,2025-04-12,2025-04-20
472,경북,예천군,2025 예천활축제,문화예술-음악·공연,2025-05-02,2025-05-05
473,경북,예천군,2025 예천곤충축제,문화예술-음악·공연,2025-08-15,2025-08-17
475,경북,예천군,2025 삼강주막 나루터축제,문화예술-음악·공연,2025-10-04,2025-10-06
481,경북,울진군,2025 울진대게와 붉은대게축제,지역특산물-먹거리·로컬장터,2025-02-28,2025-03-03
486,광주,-,2025 광주스트릿컬처페스타,문화예술-음악·공연,2025-06-05,2025-06-08
489,광주,-,광주국제미술전람회 '아트광주24',문화예술-전시·미술·사진,2025-10-21,2025-10-26
491,광주,동구,문화유산 야행,전통역사-전통·민속,2025-04-25,2025-04-26
493,광주,동구,무등산인문축제,문화예술-음악·공연,2025-05-31,2025-06-01
499,광주,남구,제42회 고싸움놀이축제,문화예술-음악·공연,2025-02-07,2025-02-09
501,광주,남구,2025 양림&크리스마스 문화축제,문화예술-크리스마스·산타,2025-12-01,2025-12-31
503,대구,-,대구생활문화제,문화예술-음악·공연,2025-05-10,2025-05-11
504,대구,-,대구포크페스티벌,문화예술-음악·공연,2025-09-26,2025-09-28
505,대구,-,월드오케스트라페스티벌,문화예술-음악·공연,2025-10-01,2025-11-30
506,대구,-,대구시민축제,문화예술-음악·공연,2025-09-18,2025-09-20
507,대구,-,팔공산 산중전통장터 승시 축제,전통역사-전통·민속,2025-10-01,2025-10-03
508,대구,-,제47회 대구약령시한방문화축제,전통역사-전통·민속,2025-05-08,2025-05-11
510,대구,-,대구치맥페스티벌,지역특산물-먹거리·로컬장터,2025-07-02,2025-07-06
511,대구,-,2025 파워풀대구페스티벌,문화예술-음악·공연,2025-05-10,2025-05-11
512,대구,중구,제47회 대구약령시한방문화축제,전통역사-전통·민속,2025-05-08,2025-05-11
513,대구,중구,대구 국가유산 야행,문화예술-음악·공연,2025-08-29,2025-08-30
515,대구,중구,제36회 동성로축제,문화예술-음악·공연,2025-05-09,2025-05-11
526,대구,동구,2025년 제8회 안심창조밸리 연꽃마을축제,자연생태-꽃·식물,2025-07-19,2025-07-20
527,대구,서구,달구벌목민관 부임 마을축제,전통역사-전통·민속,2025-10-18,2025-10-19
528,대구,남구,제30회 대덕제 「2025대구앞산축제」,문화예술-음악·공연,2025-05-17,2025-05-18
530,대구,남구,2025 앞산 크리스마스축제,문화예술-크리스마스·산타,2025-12-20,2025-12-21
531,대구,북구,제5회 떡볶이 페스티벌,문화예술-음악·공연,2025-05-09,2025-05-11
532,대구,북구,2025 금호강 바람소리길 축제,문화예술-음악·공연,2025-09-27,2025-09-28
533,대구,수성구,수성못페스티벌,문화예술-음악·공연,2025-09-26,2025-09-28
535,대구,수성구,수성빛예술제,문화예술-음악·공연,2025-12-22,2025-12-31
536,대구,달서구,장미꽃 필 무렵,자연생태-꽃·식물,2025-05-09,2025-05-11
537,대구,달서구,선사문화체험축제,전통역사-전통·민속,2025-04-26,2025-04-27
541,대전,-,2025 대전 0시 축제,문화예술-음악·공연,2025-08-08,2025-08-16
542,대전,-,"2025 대전 사이언스페스티벌
○ (통합개최) (대전)제28회 대전사이언스페스티벌+(과기부)제29회 대한민국과학축제+대한민국과힉기술대전
○(예산내역) 총 38억원 /  대전시 16억, 과기부 22억(한국과학창의재단 12억, 한국연구재단 10억)
○(예상인원) 약 60만명 / 사이언스 30만명, 과학축제 30만명",문화예술-음악·공연,2025-04-16,2025-04-20
544,대전,유성구,대전 국제 와인 EXPO,문화예술-음악·공연,2025-10-26,2025-11-02
545,대전,-,민관군화합페스티벌,문화예술-음악·공연,2025-05-30,2025-05-31
547,대전,동구,제7회 대청호 벚꽃축제(가칭),자연생태-꽃·식물,2025-03-29,2025-04-06
548,대전,동구,"제3회 중앙시장 주말축제
야시장 '동구夜놀자'",문화예술-음악·공연,2025-05-02,2025-10-04
550,대전,동구,달빛 야외도서관,문화예술-문학·독서,2025-04-25,2025-04-26
551,대전,중구,제16회 대전효문화뿌리축제,문화예술-음악·공연,2025-09-26,2025-09-28
553,대전,서구,제15회 갑천누리길 녹색체험여행,자연생태-산·숲·생태,2025-09-26,2025-09-27
554,대전,유성구,2025 유성온천문화축제,문화예술-음악·공연,2025-05-02,2025-05-04
555,대전,유성구,2025 유성재즈&맥주 페스타,문화예술-음악·공연,2025-08-29,2025-08-31
556,대전,유성구,2025 유성온천 크리스마스축제,문화예술-크리스마스·산타,2025-12-05,2025-12-07
557,대전,유성구,제16회 유성국화축제,문화예술-음악·공연,2025-10-17,2025-11-02
558,대전,대덕구,2025 대덕물빛축제,문화예술-음악·공연,2025-03-28,2025-04-26
559,대전,대덕구,제28회 동춘당문화제,전통역사-전통·민속,2025-05-03,2025-05-03
561,대전,대덕구,제14회 김호연재 여성문화축제,전통역사-전통·민속,2025-09-20,2025-09-20
562,대전,대덕구,2025년 제9회 장동계족산 코스모스축제,자연생태-꽃·식물,2025-10-10,2025-10-12
563,부산,-,2025 부산국제록페스티벌,문화예술-음악·공연,2025-09-26,2025-09-28
565,부산,-,제38회 부산 북극곰축제,자연생태-산·숲·생태,2025-02-07,2025-02-09
567,부산,-,제29회 부산바다축제,문화예술-음악·공연,2025-08-01,2025-08-03
569,부산,-,부산 시민의종 타종행사,문화예술-음악·공연,2025-12-31,2026-01-01
571,부산,-,2025 조선통신사 축제,전통역사-전통·민속,2025-04-25,2025-04-27
572,부산,-,2025 제10회 피란수도 부산 문화유산 야행,전통역사-전통·민속,2025-08-15,2025-08-16
573,부산,-,2025 부산민속예술제,전통역사-전통·민속,2025-10-25,2025-10-26
575,부산,영도구,2025 글로벌 영도커피페스티벌,문화예술-음악·공연,2025-05-23,2025-05-25
577,부산,서구,부산고등어축제,지역특산물-먹거리·로컬장터,2025-10-24,2025-10-26
582,부산,남구,제27회 UN평화축제,문화예술-음악·공연,2025-10-17,2025-10-19
584,부산,강서구,강서 낙동강30리 벚꽃축제,자연생태-꽃·식물,2025-03-28,2025-03-30
585,부산,강서구,명지시장 전어축제,지역특산물-먹거리·로컬장터,2025-08-26,2025-08-29
586,부산,강서구,대저토마토축제,지역특산물-먹거리·로컬장터,2025-03-22,2025-03-23
587,부산,금정구,부산국제공연예술제,문화예술-음악·공연,2025-09-26,2025-09-28
588,부산,금정구,2025 금정산성축제,전통역사-전통·민속,2025-05-23,2025-05-25
590,부산,해운대구,제40회 해운대 달맞이온천축제,전통역사-전통·민속,2025-02-10,2025-02-12
591,부산,해운대구,제20회 해운대모래축제,자연생태-산·숲·생태,2025-05-16,2025-05-19
592,부산,해운대구,제7회 해운대 해양레저축제,문화예술-음악·공연,2025-09-13,2025-09-14
594,부산,사상구,제22회 사상강변축제,문화예술-음악·공연,2025-09-20,2025-09-21
595,부산,사상구,2025 낙동강정원 벚꽃축제,문화예술-음악·공연,2025-03-28,2025-03-30
599,부산,기장군,제11회 정관생태하천학습문화축제,문화예술-음악·공연,2025-10-17,2025-10-19
600,부산,기장군,제29회 기장멸치축제,지역특산물-먹거리·로컬장터,2025-04-26,2025-04-27
602,부산,기장군,제15회 철마한우불고기축제,지역특산물-육류·유제품,2025-04-17,2025-04-20
604,부산,동래구,동래읍성역사축제,전통역사-유산·건축,2025-10-24,2025-10-26
605,부산,동래구,동래3.1만세운동재현행사,전통역사-전통·민속,2025-03-01,2025-03-01
606,부산,동래구,동래 문화교육 특구페스티벌,문화예술-음악·공연,2025-05-09,2025-05-10
607,부산,동래구,제3회 온천천 빛축제,문화예술-음악·공연,2025-12-19,2026-02-01
608,부산,동구,제22회 부산차이나타운 문화축제,문화예술-음악·공연,2025-10-17,2025-10-19
609,부산,중구,2025년 광복로 연등문화제,문화예술-음악·공연,2025-04-07,2025-05-06
613,부산,연제구,제6회 연제고분판타지축제,전통역사-유산·건축,2025-03-28,2025-03-30
615,부산,사하구,다대포 선셋 영화 축제,문화예술-연극·뮤지컬·영화,2025-05-31,2025-06-03
618,부산,수영구,제23회 광안리어방축제,전통역사-전통·민속,2025-05-09,2025-05-11
619,부산,수영구,October Festa in Gwangalli,문화예술-음악·공연,2025-10-24,2025-10-26
620,서울,-,2025 서울무형문화축제,문화예술-음악·공연,2025-09-27,2025-09-28
621,서울,-,서울페스타 2025,문화예술-음악·공연,2025-04-30,2025-05-06
622,서울,-,한강 불빛 공연(드론 라이트 쇼),문화예술-음악·공연,2025-04-12,2025-10-04
623,서울,-,2025 서울 바비큐 페스티벌,문화예술-음악·공연,2025-10-25,2025-10-26
624,서울,-,2025 서울라이트 한강 빛섬축제,문화예술-음악·공연,2025-10-03,2025-10-12
625,서울,-,2025 서울라이트 광화문,문화예술-음악·공연,2025-12-12,2026-01-04
628,서울,-,2025 책읽는 한강공원,문화예술-문학·독서,2025-05-03,2025-10-25
629,서울,-,2025 한강 대학가요제,문화예술-음악·공연,2025-05-24,2025-05-24
630,서울,-,(가제)그린 wave,문화예술-음악·공연,2025-09-19,2025-09-28
631,서울,-,2025 차없는 잠수교 뚜벅뚜벅 축제,문화예술-음악·공연,2025-05-04,2025-06-22
632,서울,-,한강 서래섬 유채꽃 축제,자연생태-꽃·식물,2025-05-02,2025-05-11
633,서울,-,한강 서래섬 메밀꽃 축제,자연생태-꽃·식물,2025-10-10,2025-10-19
634,서울,-,한강 종이비행기 축제,문화예술-음악·공연,2025-10-18,2025-10-18
635,서울,-,한강 멍때리기대회,문화예술-음악·공연,2025-05-04,2025-05-04
636,서울,-,한강 다리밑 영화제,문화예술-연극·뮤지컬·영화,2025-08-09,2025-08-23
638,서울,강남구,제5회 강남 G-KPOP 콘서트,문화예술-음악·공연,2025-05-24,2025-05-25
639,서울,강남구,제 6회 가로수길 디자인위크,문화예술-음악·공연,2025-05-24,2025-05-28
640,서울,강남구,제14회 강남페스티벌,문화예술-음악·공연,2025-09-25,2025-09-28
641,서울,강동구,제30회 강동선사문화축제,문화예술-음악·공연,2025-10-17,2025-10-19
642,서울,강북구,4·19혁명국민문화제,전통역사-전통·민속,2025-04-12,2025-04-19
643,서울,강북구,우이천변 페스타2025,문화예술-음악·공연,2025-05-09,2025-05-11
649,서울,관악구,2025 관악강감찬축제,전통역사-전통·민속,2025-10-17,2025-10-19
650,서울,관악구,2025 그루브 인 관악,문화예술-음악·공연,2025-05-31,2025-06-01
654,서울,금천구,2025 금천 하모니축제,문화예술-음악·공연,2025-04-25,2025-04-27
656,서울,금천구,2025 금천GC페스타,문화예술-음악·공연,2025-09-05,2025-09-08
657,서울,노원구,댄싱노원 거리페스티벌,문화예술-음악·공연,2025-09-20,2025-09-21
658,서울,노원구,노원달빛산책,문화예술-문학·독서,2025-10-17,2025-11-16
659,서울,노원구,노원수제맥주축제&락페스티벌,문화예술-음악·공연,2025-05-23,2025-05-25
660,서울,도봉구,도봉 벚꽃축제,문화예술-음악·공연,2025-03-28,2025-04-03
663,서울,동대문구,선농대제,전통역사-전통·민속,2025-04-19,2025-04-19
665,서울,동대문구,청룡문화제,전통역사-전통·민속,2025-10-25,2025-10-25
666,서울,동대문구,동대문페스티벌,문화예술-음악·공연,2025-10-18,2025-10-19
667,서울,마포구,더북데이,문화예술-음악·공연,2025-05-16,2025-05-17
668,서울,마포구,더북데이,문화예술-음악·공연,2025-10-24,2025-10-25
669,서울,마포구,제18회 마포나루 새우젓축제,전통역사-전통·민속,2025-10-17,2025-10-19
670,서울,서대문구,서대문봄빛축제,문화예술-음악·공연,2025-03-29,2025-04-06
671,서울,서대문구,서대문독립축제,전통역사-전통·민속,2025-08-14,2025-08-16
672,서울,서대문구,신촌글로벌대학문화축제,문화예술-음악·공연,2025-09-12,2025-09-14
673,서울,송파구,제25회 한성백제문화제,문화예술-음악·공연,2025-09-26,2025-09-28
674,서울,송파구,송파구 벚꽃축제,자연생태-꽃·식물,2025-04-02,2025-04-06
677,서울,종로구,제17회 정순왕후 문화제,전통역사-전통·민속,2025-04-19,2025-04-19
681,서울,종로구,궁중과 사대부가 전통음식축제,문화예술-음악·공연,2025-10-18,2025-10-18
690,서울,중구,정동야행,문화예술-음악·공연,2025-05-23,2025-05-24
691,세종,-,2025 세종축제,문화예술-음악·공연,2025-10-09,2025-10-11
693,세종,-,제 26회 장군산 구절초꽃 축제,문화예술-음악·공연,2025-10-11,2025-10-18
700,울산,-,정원생태문화축제,자연생태-산·숲·생태,2025-09-27,2025-09-28
702,울산,-,울산태화강 대숲납량축제,문화예술-음악·공연,2025-08-14,2025-08-17
704,울산,-,태화강국가정원 봄꽃축제,자연생태-꽃·식물,2025-05-16,2025-05-18
705,울산,-,태화강국가정원 가을축제,자연생태-산·숲·생태,2025-10-24,2025-10-26
706,울산,-,2025 제17회 울산대공원 장미축제,자연생태-꽃·식물,2025-05-21,2025-05-25
707,울산,-,2025 울산청년주간,문화예술-음악·공연,2025-09-20,2025-09-21
708,울산,-,119안전문화축제,문화예술-음악·공연,2025-07-04,2025-07-05
709,울산,중구,태화강마두희축제,전통역사-전통·민속,2025-05-30,2025-06-01
712,울산,남구,궁거랑 벚꽃 한마당,문화예술-음악·공연,2025-03-29,2025-03-30
713,울산,남구,태화강 빛 축제,문화예술-음악·공연,2025-09-19,2025-09-20
714,울산,남구,강변영화제,문화예술-연극·뮤지컬·영화,2025-09-05,2025-09-06
715,울산,남구,그린 차박 페스티벌 in 울산,자연생태-산·숲·생태,2025-04-25,2025-04-27
717,울산,남구,장생포 수국페스티벌,자연생태-산·숲·생태,2025-06-05,2025-06-30
718,울산,남구,울산고래축제,문화예술-음악·공연,2025-09-25,2025-09-28
720,울산,동구,제1회 슬도 봄꽃 축제,자연생태-꽃·식물,2025-04-05,2025-04-06
721,울산,북구,제21회 울산쇠부리축제,전통역사-전통·민속,2025-05-09,2025-05-11
722,울산,울주군,제25회 울산옹기축제,전통역사-공예·무형문화,2025-05-03,2025-05-05
723,울산,울주군,봉계 한우불고기 축제,지역특산물-육류·유제품,2025-09-26,2025-09-29
725,울산,울주군,울산배축제,지역특산물-먹거리·로컬장터,2025-10-17,2025-10-19
727,울산,울주군,제6회 울주작천정벚꽃축제,자연생태-꽃·식물,2025-03-29,2025-04-06
728,울산,울주군,2025년 대운산 철쭉제,자연생태-산·숲·생태,2025-04-26,2025-04-26
729,울산,울주군,제10회 울산울주세계산악영화제,문화예술-연극·뮤지컬·영화,2025-09-26,2025-09-30
730,울산,울주군,간절곶해맞이축제,문화예술-음악·공연,2025-12-31,2026-01-01
732,인천,-,2025년 인천대공원 벚꽃축제,문화예술-음악·공연,2025-04-05,2025-04-06
734,인천,-,인천개항장국가유산야행(1차),전통역사-전통·민속,2025-06-14,2025-06-15
735,인천,-,인천개항장국가유산야행(2차),전통역사-전통·민속,2025-09-20,2025-09-21
736,인천,-,인천펜타포트음악축제,문화예술-음악·공연,2025-08-01,2025-08-03
740,인천,강화군,"삼람성, 평화로 물들다
(강화도 별별야행)",문화예술-음악·공연,2025-05-03,2025-05-05
741,인천,강화군,고려산 진달래꽃구경,자연생태-꽃·식물,2025-04-05,2025-04-13
742,인천,강화군,강화별밤야행,전통역사-전통·민속,2025-09-06,2025-09-07
743,인천,강화군,삼랑성 역사문화축제,전통역사-전통·민속,2025-10-04,2025-10-12
744,인천,강화군,강화 화개정원 축제,자연생태-산·숲·생태,2025-10-25,2025-10-26
745,인천,중구,자유공원&동인천 고고축제,문화예술-음악·공연,2025-05-17,2025-05-18
751,인천,연수구,제2회 승기천 꽃피나 봄,자연생태-꽃·식물,2025-04-12,2025-04-13
753,인천,연수구,제13회 연수 능허대 문화축제,전통역사-전통·민속,2025-10-17,2025-10-19
754,인천,남동구,제25회 소래포구축제,자연생태-산·숲·생태,2025-09-26,2025-09-28
756,인천,부평구,2025년 제29회 부평풍물대축제,문화예술-음악·공연,2025-09-26,2025-09-28
757,인천,서구,정서진 해넘이 행사,자연생태-산·숲·생태,2025-12-31,2025-12-31
758,인천,서구,제30회 서곶문화예술제,문화예술-음악·공연,2025-09-19,2025-09-26
760,전남,목포시,2025 유달산 봄축제,문화예술-음악·공연,2025-04-05,2025-04-06
761,전남,목포시,2025 목포항구축제,문화예술-음악·공연,2025-09-26,2025-09-28
762,전남,여수시,제33회 영취산 진달래축제,문화예술-음악·공연,2025-03-22,2025-03-23
763,전남,여수시,제59회 여수거북선축제,전통역사-전통·민속,2025-05-03,2025-05-05
764,전남,여수시,제23회 거문도백도 은빛바다체험행사,자연생태-물·바다·호수·섬,2025-08-01,2025-08-02
765,전남,여수시,제16회 여수여자만갯벌노을체험행사,자연생태-산·숲·생태,2025-09-20,2025-09-21
767,전남,여수시,2025 여수동동북축제,문화예술-음악·공연,2025-10-11,2025-10-12
768,전남,여수시,2025 여수밤바다 불꽃축제,문화예술-음악·공연,2025-10-25,2025-10-25
772,전남,순천시,2025 순천 푸드앤아트페스티벌,문화예술-음악·공연,2025-10-31,2025-11-02
773,전남,순천시,제26회 순천만 갈대축제,문화예술-음악·공연,2025-10-25,2025-11-02
774,전남,순천시,제30회 순천 낙안읍성 민속문화축제,전통역사-전통·민속,2025-10-17,2025-10-19
780,전남,나주시,2025 나주영산강축제,문화예술-음악·공연,2025-10-08,2025-10-12
781,전남,나주시,2025 빛가람 빛 정원 페스타,문화예술-음악·공연,2025-12-01,2025-12-31
782,전남,광양시,제24회 광양매화축제,자연생태-산·숲·생태,2025-03-07,2025-03-16
788,전남,담양군,2025년 담양대나무축제,자연생태-산·숲·생태,2025-05-09,2025-05-13
789,전남,담양군,봉산 딸기축제,지역특산물-농산물·과일·채소,2025-04-12,2025-04-12
793,전남,담양군,제7회 담양산타축제,문화예술-크리스마스·산타,2025-12-24,2025-12-25
794,전남,곡성군,제15회 곡성세계장미축제,문화예술-음악·공연,2025-05-16,2025-05-25
795,전남,곡성군,제25회 곡성심청어린이대축제,문화예술-음악·공연,2025-10-23,2025-10-26
796,전남,구례군,제26회 구례산수유꽃축제,자연생태-꽃·식물,2025-03-15,2025-03-23
797,전남,구례군,2025 구례300리 벚꽃축제,자연생태-꽃·식물,2025-03-28,2025-03-30
798,전남,구례군,제81회 지리산남악제 및 제44회 군민의 날 행사,전통역사-전통·민속,2025-04-18,2025-04-20
799,전남,구례군,화엄음악제,문화예술-음악·공연,2025-10-03,2025-10-05
800,전남,구례군,2025 구례동편소리축제,문화예술-음악·공연,2025-10-26,2025-10-28
801,전남,구례군,제49회 지리산피아골단풍 축제,자연생태-꽃·식물,2025-11-01,2025-11-01
805,전남,보성군,제48회 보성다향대축제,지역특산물-먹거리·로컬장터,2025-05-02,2025-05-06
806,전남,보성군,제12회 보성벚꽃축제,자연생태-꽃·식물,2025-03-31,2025-04-01
807,전남,보성군,제27회 서편제보성소리축제,문화예술-음악·공연,2025-05-04,2025-05-06
808,전남,보성군,제17회 감쪽같은 보성전어축제,지역특산물-먹거리·로컬장터,2025-08-16,2025-08-17
809,전남,보성군,제13회 보성동로성축제,전통역사-전통·민속,2025-09-17,2025-09-17
810,전남,보성군,제1회 열선루축제,전통역사-전통·민속,2025-10-17,2025-10-19
811,전남,보성군,보성 국가유산 야행,문화예술-음악·공연,2025-10-17,2025-10-19
812,전남,보성군,제21회 벌교꼬막축제,지역특산물-먹거리·로컬장터,2025-10-31,2025-11-02
820,전남,장흥군,제18회 정남진 장흥 물축제,자연생태-산·숲·생태,2025-07-26,2025-08-03
821,전남,장흥군,장흥 회령포 이순신 축제,전통역사-전통·민속,2025-05-16,2025-05-18
822,전남,장흥군,제22회 정남진장흥 키조개축제,지역특산물-먹거리·로컬장터,2025-05-02,2025-05-06
824,전남,장흥군,제 20회 (사)전라남도 연합회 정남진 난꽃축제,문화예술-음악·공연,2025-03-07,2025-03-08
825,전남,강진군,제53회 강진청자축제,전통역사-전통·민속,2025-02-22,2025-03-03
826,전남,강진군,제28회 전라병영성축제,전통역사-전통·민속,2025-03-28,2025-03-30
827,전남,강진군,제3회 강진 수국길 축제,자연생태-산·숲·생태,2025-06-27,2025-06-29
829,전남,강진군,제10회 강진만춤추는갈대축제,자연생태-산·숲·생태,2025-10-25,2025-11-02
830,전남,해남군,해남 공룡대축제,문화예술-음악·공연,2025-05-03,2025-05-05
831,전남,해남군,해남 미남축제,지역특산물-먹거리·로컬장터,2025-10-31,2025-11-02
832,전남,해남군,땅끝해남 해넘이해맞이 축제,자연생태-산·숲·생태,2025-12-31,2026-01-01
834,전남,해남군,달마고도 힐링축제,자연생태-산·숲·생태,2025-03-22,2025-03-22
835,전남,해남군,흑석산 소풍힐링축제,자연생태-산·숲·생태,2025-04-25,2025-04-26
836,전남,해남군,황산 연호보리축제,지역특산물-먹거리·로컬장터,2025-04-26,2025-04-26
837,전남,해남군,두륜산 왕벚꽃나무 막걸리축제,지역특산물-술·음료,2025-04-11,2025-04-12
838,전남,해남군,옥천 무궁화축제,전통역사-전통·민속,2025-09-05,2025-09-06
839,전남,해남군,해남 캠핑관광박람회,문화예술-음악·공연,2025-10-17,2025-10-19
841,전남,해남군,화원 오시아노 해넘이축제,자연생태-산·숲·생태,2025-12-31,2025-12-31
842,전남,해남군,북일 오소재해맞이축제,자연생태-산·숲·생태,2025-12-31,2026-01-01
843,전남,영암군,제26회 영암왕인문화축제,문화예술-음악·공연,2025-03-29,2025-04-06
844,전남,영암군,월출산 국화축제,자연생태-산·숲·생태,2025-11-01,2025-11-16
845,전남,영암군,마한문화축제,전통역사-전통·민속,2025-04-25,2025-04-26
847,전남,무안군,2025 무안겨울숭어축제,지역특산물-먹거리·로컬장터,2025-01-18,2025-01-19
848,전남,무안군,제11회 황토갯벌축제,자연생태-산·숲·생태,2025-05-10,2025-05-25
849,전남,무안군,제28회 무안연꽃축제,자연생태-꽃·식물,2025-06-26,2025-06-29
850,전남,무안군,2025 무안갯벌낙지축제,지역특산물-먹거리·로컬장터,2025-10-25,2025-10-26
851,전남,무안군,제5회 무안YD 페스티벌,문화예술-음악·공연,2025-11-14,2025-11-16
852,전남,함평군,제27회 함평나비대축제,문화예술-음악·공연,2025-04-25,2025-05-06
857,전남,영광군,2025 영광법성포단오제,문화예술-음악·공연,2025-05-29,2025-06-01
859,전남,장성군,제24회 장성 황룡강 (洪)길동무 꽃길 축제,자연생태-꽃·식물,2025-05-10,2025-05-11
861,전남,장성군,2025 장성 황룡강 가을꽃 축제,자연생태-꽃·식물,2025-10-18,2025-10-26
862,전남,완도군,2025 청산도슬로걷기축제,자연생태-산·숲·생태,2025-04-05,2025-05-04
863,전남,완도군,2025 완도장보고수산물축제,지역특산물-수산·해산물,2025-05-03,2025-05-06
865,전남,진도군,제45회 진도신비의바닷길축제,자연생태-산·숲·생태,2025-03-29,2025-04-01
866,전남,진도군,2025 보배섬 진도 유채꽃 축제,자연생태-꽃·식물,2025-04-11,2025-04-13
870,전남,신안군,2025 섬 홍매화축제,자연생태-물·바다·호수·섬,2025-03-07,2025-03-09
871,전남,신안군,2025년 섬 수선화축제,자연생태-물·바다·호수·섬,2025-03-28,2025-04-06
872,전남,신안군,2025 섬 튤립축제,자연생태-꽃·식물,2025-04-04,2025-04-13
873,전남,신안군,2025년 팔금 섬 유채꽃축제,자연생태-꽃·식물,2025-04-16,2025-04-25
874,전남,신안군,섬 간재미축제,지역특산물-먹거리·로컬장터,2025-04-19,2025-04-20
875,전남,신안군,100+4 피아노섬 축제,문화예술-음악·공연,2025-04-26,2025-04-27
876,전남,신안군,신안 세계 김밥페스타,문화예술-음악·공연,2025-04-26,2025-04-27
877,전남,신안군,섬 홍어축제,지역특산물-먹거리·로컬장터,2025-05-04,2025-05-05
878,전남,신안군,옥도 작약 꽃 축제,자연생태-꽃·식물,2025-05-09,2025-05-17
879,전남,신안군,라벤더 축제,자연생태-산·숲·생태,2025-05-16,2025-05-25
880,전남,신안군,신안 샴막 예술 축제,문화예술-음악·공연,2025-05-17,2025-05-18
881,전남,신안군,섬 낙지축제,지역특산물-먹거리·로컬장터,2025-05-18,2025-05-19
882,전남,신안군,버들마편초 축제,자연생태-산·숲·생태,2025-05-23,2025-06-30
883,전남,신안군,2025년 돈나무꽃 축제,자연생태-꽃·식물,2025-05-23,2025-05-25
884,전남,신안군,섬 깡다리축제,지역특산물-먹거리·로컬장터,2025-05-25,2025-05-26
885,전남,신안군,섬 병어축제,지역특산물-먹거리·로컬장터,2025-06-07,2025-06-08
886,전남,신안군,섬 밴댕이축제,지역특산물-먹거리·로컬장터,2025-06-07,2025-06-08
887,전남,신안군,제6회 섬 수국축제,문화예술-음악·공연,2025-06-20,2025-06-29
888,전남,신안군,2025년 섬 크로코스미아꽃 축제,자연생태-꽃·식물,2025-07-04,2025-07-13
889,전남,신안군,섬 홍도 원추리꽃 축제,자연생태-꽃·식물,2025-07-04,2025-07-13
890,전남,신안군,섬 민어축제,지역특산물-먹거리·로컬장터,2025-08-02,2025-08-03
891,전남,신안군,제1회 섬 목수국축제,문화예술-음악·공연,2025-09-18,2025-09-21
892,전남,신안군,아스타축제,자연생태-산·숲·생태,2025-09-26,2025-10-12
893,전남,신안군,섬 왕새우축제,지역특산물-먹거리·로컬장터,2025-10-01,2025-10-10
894,전남,신안군,섬 맨드라미 축제,문화예술-음악·공연,2025-10-03,2025-10-12
895,전남,신안군,2025년 국제꽃장식대회,자연생태-꽃·식물,2025-10-17,2025-10-18
896,전남,신안군,섬 불볼락축제,지역특산물-먹거리·로컬장터,2025-10-24,2025-10-25
897,전남,신안군,2025년 섬 함초 축제,자연생태-물·바다·호수·섬,2025-10-24,2025-10-26
898,전남,신안군,섬 아자니아 축제,자연생태-물·바다·호수·섬,2025-11-01,2025-11-10
899,전남,신안군,1004섬 분재정원 분재대전,자연생태-물·바다·호수·섬,2025-11-07,2025-11-16
900,전남,신안군,섬 우럭축제,지역특산물-먹거리·로컬장터,2025-11-22,2025-11-23
901,전남,신안군,섬 새우젓축제,지역특산물-먹거리·로컬장터,2025-11-24,2025-11-25
902,전남,신안군,2025년 섬 겨울꽃 축제,자연생태-꽃·식물,2025-12-19,2026-01-31
903,전북,-,전주세계소리축제,문화예술-음악·공연,2025-08-13,2025-08-17
904,전북,전주시,2025 전주세계문화주간,문화예술-음악·공연,2025-05-02,2025-05-08
905,전북,전주시,제50회 전주대사습놀이전국대회,문화예술-음악·공연,2025-05-10,2025-05-26
906,전북,전주시,2025 전주문화유산야행,문화예술-음악·공연,2025-05-23,2025-05-24
907,전북,전주시,2025 전주문화유산야행,문화예술-음악·공연,2025-10-17,2025-10-18
908,전북,전주시,2025 전주단오,전통역사-전통·민속,2025-05-31,2025-06-01
909,전북,전주시,2025 전주연꽃문화제,문화예술-음악·공연,2025-07-19,2025-07-20
911,전북,전주시,제8회 전주독서대전,문화예술-문학·독서,2025-09-05,2025-09-07
920,전북,군산시,제8회 군산 우체통거리 손편지축제,문화예술-음악·공연,2025-09-26,2025-09-27
921,전북,군산시,제4회 군산짬뽕페스티벌,문화예술-음악·공연,2025-11-01,2025-11-02
922,전북,군산시,제4회 군산 수제맥주&블루스 페스티벌,지역특산물-술·음료,2025-06-20,2025-06-22
923,전북,군산시,제20회 군산꽁당보리축제,지역특산물-먹거리·로컬장터,2025-05-02,2025-05-05
924,전북,익산시,2025년 익산서동축제,전통역사-전통·민속,2025-05-03,2025-05-06
925,전북,익산시,2025 익산 문화유산야행,전통역사-전통·민속,2025-04-18,2025-04-20
926,전북,익산시,제22회 익산 천만송이 국화축제,자연생태-산·숲·생태,2025-10-24,2025-11-02
928,전북,익산시,익산 고구마(순) 축제,지역특산물-농산물·과일·채소,2025-08-08,2025-08-09
929,전북,정읍시,제18회 정읍 구절초 꽃축제,자연생태-꽃·식물,2025-10-10,2025-10-26
930,전북,정읍시,제36회 정읍사문화제,전통역사-전통·민속,2025-10-25,2025-10-26
932,전북,정읍시,2025 벚꽃축제,자연생태-꽃·식물,2025-04-03,2025-04-07
933,전북,정읍시,2025 물빛축제,문화예술-음악·공연,2025-08-15,2025-08-17
934,전북,남원시,제95회 춘향제,문화예술-음악·공연,2025-04-30,2025-05-06
935,전북,남원시,제33회 흥부제,문화예술-음악·공연,2025-10-24,2025-10-26
936,전북,남원시,남원 봄꾳 문화재,문화예술-음악·공연,2025-03-29,2025-03-30
939,전북,남원시,제11회 혼불문학 축제,문화예술-문학·독서,2025-11-01,2025-11-02
940,전북,김제시,제27회 김제지평선축제,문화예술-음악·공연,2025-09-24,2025-09-28
941,전북,김제시,2025 김제 모악뮤직페스티벌,문화예술-음악·공연,2025-04-26,2025-04-27
942,전북,김제시,2025 꽃빛드리축제,문화예술-음악·공연,2025-04-04,2025-04-06
943,전북,김제시,지평선광활햇감자축제,지역특산물-농산물·과일·채소,2025-04-12,2025-04-13
944,전북,김제시,제14회 지평선 추억의 보리밭 축제,자연생태-산·숲·생태,2025-05-03,2025-05-05
945,전북,김제시,제3회 김제 자원순화 새로보미축제,자연생태-산·숲·생태,2025-09-05,2025-09-06
946,전북,완주군,제 23회 완주 삼례딸기축제,지역특산물-농산물·과일·채소,2025-03-07,2025-03-09
951,전북,진안군,제21회 진안고원 운장산 고로쇠축제,지역특산물-먹거리·로컬장터,2025-03-08,2025-03-09
955,전북,무주군,제29회 무주반딧불축제,자연생태-곤충·반딧불,2025-09-06,2025-09-14
956,전북,무주군,무주안성낙화놀이축제,전통역사-전통·민속,2025-06-06,2025-06-07
958,전북,무주군,무주산골영화제,문화예술-연극·뮤지컬·영화,2025-06-06,2025-06-08
959,전북,장수군,레드푸드 페스티벌(제19회 장수한우랑사과랑 축제),지역특산물-농산물·과일·채소,2025-09-18,2025-09-21
960,전북,장수군,제3회 쿨밸리페스티벌,자연생태-산·숲·생태,2025-08-01,2025-08-03
961,전북,장수군,제9회 번암물빛축제,자연생태-산·숲·생태,2025-07-25,2025-07-26
963,전북,임실군,임실N치즈축제,지역특산물-먹거리·로컬장터,2025-10-08,2025-10-12
966,전북,임실군,의견문화제(임실N펫스타),문화예술-음악·공연,2025-05-03,2025-05-05
967,전북,임실군,필봉마을굿축제,문화예술-음악·공연,2025-09-19,2025-09-21
968,전북,임실군,사선문화제,문화예술-음악·공연,2025-09-25,2025-09-28
969,전북,임실군,옥정호벚꽃축제,자연생태-꽃·식물,2025-04-06,2025-04-07
974,전북,순창군,제29회 추령장승축제,전통역사-전통·민속,2025-10-25,2025-10-26
975,전북,순창군,제20회 순창장류축제,지역특산물-먹거리·로컬장터,2025-10-17,2025-10-19
976,전북,순창군,떡볶이 페스타,지역특산물-먹거리·로컬장터,2025-11-15,2025-11-16
977,전북,고창군,제3회 고창 벚꽃축제,자연생태-꽃·식물,2025-04-04,2025-04-06
978,전북,고창군,제22회 청보리밭 축제,자연생태-산·숲·생태,2025-04-19,2025-05-11
979,전북,고창군,하전바지락 오감체험 페스티벌,지역특산물-먹거리·로컬장터,2025-05-03,2025-05-05
980,전북,고창군,고창갯벌축제,자연생태-산·숲·생태,2025-06-13,2025-06-15
981,전북,고창군,제22회 고창 복분자와 수박축제,지역특산물-농산물·과일·채소,2025-06-20,2025-06-22
982,전북,고창군,제29회 고창해풍고추축제,지역특산물-농산물·과일·채소,2025-08-22,2025-08-24
983,전북,고창군,제52회 고창모양성제,전통역사-전통·민속,2025-10-29,2025-11-02
985,전북,부안군,제12회 부안마실축제,문화예술-음악·공연,2025-05-02,2025-05-05
992,충북,-,제15회 반딧불 곤충 축제,자연생태-곤충·반딧불,2025-06-13,2025-06-15
994,충북,-,2025제천국제한방천연물산업엑스포,문화예술-음악·공연,2025-09-20,2025-10-19
995,충북,"본청, 제천시",2025 친환경에너지 페스티벌,문화예술-음악·공연,2025-09-26,2025-09-28
996,충북,"본청, 영동군",2025영동세계국악엑스포,문화예술-음악·공연,2025-09-12,2025-10-11
997,충북,-,청남대 봄꽃축제 '영춘제',문화예술-음악·공연,2025-04-24,2025-05-06
998,충북,-,청남대 '가을축제',문화예술-음악·공연,2025-10-25,2025-11-09
999,충북,청주시,2025 3·3데이 청주삼겹살 축제,지역특산물-먹거리·로컬장터,2025-03-02,2025-03-03
1001,충북,청주시,2025 청주 미식·주(酒) 페스타,지역특산물-먹거리·로컬장터,2025-05-30,2025-05-31
1002,충북,청주시,2025 청주 디저트·베이커리 페스타,지역특산물-먹거리·로컬장터,2025-11-08,2025-11-09
1004,충북,청주시,힙한 청주 페스티벌 in 제조창,문화예술-음악·공연,2025-08-22,2025-08-23
1005,충북,청주시,2025 청주시 도시농업 페스티벌,문화예술-음악·공연,2025-05-02,2025-05-05
1006,충북,청주시,2025 청주 가드닝 페스티벌,자연생태-산·숲·생태,2025-05-09,2025-05-11
1007,충북,청주시,2025 청원생명축제,지역특산물-먹거리·로컬장터,2025-10-17,2025-10-26
1008,충북,제천시,2025 제천빨간오뎅축제,지역특산물-먹거리·로컬장터,2025-02-28,2025-03-03
1017,충북,제천시,제21회 제천국제음악영화제,문화예술-음악·공연,2025-09-04,2025-09-09
1018,충북,제천시,제29회 청풍호 벚꽃축제,자연생태-꽃·식물,2025-04-10,2025-04-13
1019,충북,충주시,충주호 벚꽃축제,문화예술-음악·공연,2025-03-28,2025-03-30
1021,충북,충주시,목계별신제,전통역사-전통·민속,2025-04-26,2025-04-27
1022,충북,충주시,충주다이브페스티벌,문화예술-음악·공연,2025-05-29,2025-06-01
1023,충북,충주시,제53회 우륵문화제,문화예술-음악·공연,2025-09-24,2025-09-28
1024,충북,충주시,2025년 충주씨 농산물직거래 한마당,지역특산물-먹거리·로컬장터,2025-10-24,2025-10-26
1026,충북,보은군,2025 보은벚꽃길축제,자연생태-꽃·식물,2025-04-04,2025-04-13
1029,충북,옥천군,제23회 옥천묘목축제,지역특산물-먹거리·로컬장터,2025-03-28,2025-03-30
1030,충북,옥천군,제6회 청산생선국수축제,지역특산물-먹거리·로컬장터,2025-04-05,2025-04-06
1033,충북,옥천군,2025년 제15회 옥수수감자 축제,지역특산물-농산물·과일·채소,2025-07-12,2025-07-13
1035,충북,영동군,2025 영동곶감축제,지역특산물-먹거리·로컬장터,2025-01-03,2025-01-05
1036,충북,영동군,제14회 대한민국와인축제,지역특산물-술·음료,2025-09-12,2025-10-11
1037,충북,영동군,2025 영동포도축제,지역특산물-농산물·과일·채소,2025-09-20,2025-09-28
1038,충북,영동군,제56회 영동난계국악축제,문화예술-음악·공연,2025-09-12,2025-10-11
1041,충북,진천군,제25회 농다리 축제,전통역사-전통·민속,2025-04-05,2025-06-01
1042,충북,진천군,제46회 생거진천 문화축제,문화예술-음악·공연,2025-10-03,2025-10-05
1043,충북,괴산군,괴산빨간맛페스티벌,지역특산물-먹거리·로컬장터,2025-05-23,2025-05-25
1046,충북,음성군,제26회 음성품바축제,문화예술-음악·공연,2025-05-21,2025-05-25
1047,충북,음성군,제44회 설성문화제,전통역사-전통·민속,2025-10-17,2025-10-19
1048,충북,음성군,2025 음성명작페스티벌,지역특산물-먹거리·로컬장터,2025-09-25,2025-09-28
1049,충북,단양군,제41회 단양 소백산철쭉제,자연생태-산·숲·생태,2025-05-22,2025-05-25
1051,충남,천안시,천안흥타령춤축제 2024,문화예술-음악·공연,2025-09-24,2025-09-28
1053,충남,천안시,2025 빵지순례 빵빵데이,지역특산물-먹거리·로컬장터,2025-04-19,2025-04-20
1054,충남,천안시,2025 빵빵데이 천안,지역특산물-먹거리·로컬장터,2025-10-18,2025-10-19
1056,충남,공주시,겨울공주 군밤축제,지역특산물-농산물·과일·채소,2025-01-16,2025-01-20
1057,충남,공주시,공주 석장리 구석기축제,전통역사-전통·민속,2025-05-03,2025-05-06
1058,충남,공주시,유구색동수국정원 꽃축제,자연생태-꽃·식물,2025-06-20,2025-06-22
1059,충남,공주시,공주여름축제,문화예술-음악·공연,2025-08-16,2025-08-17
1060,충남,공주시,계룡산 벚꽃축제,자연생태-꽃·식물,2025-03-01,2025-03-16
1061,충남,공주시,계룡산산신제,전통역사-전통·민속,2025-05-09,2025-05-11
1062,충남,공주시,마곡사 신록축제,문화예술-음악·공연,2025-05-03,2025-05-05
1063,충남,공주시,갑사황매화축제,자연생태-산·숲·생태,2025-04-19,2025-04-20
1064,충남,공주시,제70회 백제문화제,전통역사-전통·민속,2025-10-03,2025-10-12
1065,충남,공주시,구절산 구절초 축제,자연생태-산·숲·생태,2025-10-10,2025-10-19
1066,충남,보령시,무창포 주꾸미 도다리 축제,지역특산물-먹거리·로컬장터,2025-03-22,2025-04-13
1067,충남,보령시,주산 벚꽃축제,자연생태-꽃·식물,2025-03-29,2025-03-30
1069,충남,보령시,보령.AMC 국제모터 페스티벌,문화예술-음악·공연,2025-05-03,2025-05-05
1071,충남,보령시,제28회 보령머드축제,지역특산물-먹거리·로컬장터,2025-07-25,2025-08-10
1078,충남,아산시,제64회 아산 성웅 이순신축제,문화예술-음악·공연,2025-04-25,2025-04-27
1081,충남,서산시,제22회 서산해미읍성축제,전통역사-유산·건축,2025-09-26,2025-09-28
1082,충남,서산시,팔봉산감자축제,지역특산물-농산물·과일·채소,2025-06-14,2025-06-15
1083,충남,서산시,서산6쪽마늘축제,지역특산물-먹거리·로컬장터,2025-06-27,2025-06-29
1094,충남,계룡시,제4회 계룡시 도시농업축제,자연생태-산·숲·생태,2025-04-25,2025-04-26
1095,충남,계룡시,25년  사계문화제,전통역사-전통·민속,2025-05-10,2025-05-11
1097,충남,당진시,당진 삽교호 드론 라이트 쇼,문화예술-음악·공연,2025-04-19,2025-11-01
1098,충남,당진시,왜목마을해넘이해돋이소원제,자연생태-산·숲·생태,2025-12-31,2026-01-01
1099,충남,당진시,제1회 면천의 봄,자연생태-산·숲·생태,2025-04-04,2025-04-06
1100,충남,당진시,기지시줄다리기축제,전통역사-전통·민속,2025-04-10,2025-04-13
1101,충남,당진시,당진 합덕 연꽃축제,자연생태-꽃·식물,2025-06-20,2025-06-22
1102,충남,당진시,제48회 심훈상록문화제,전통역사-전통·민속,2025-10-17,2025-10-19
1103,충남,당진시,남이흥 장군 문화제,전통역사-전통·민속,2025-10-24,2025-10-25
1106,충남,당진시,제17회 순성 벚꽃축제,자연생태-꽃·식물,2025-04-12,2025-04-13
1107,충남,당진시,제16회 순성왕매실&당진맥주축제,지역특산물-술·음료,2025-06-21,2025-06-22
1108,충남,당진시,제22회 당진면천읍성축제,전통역사-유산·건축,2025-09-20,2025-09-21
1109,충남,금산군,재43회 금산세계인삼축제,지역특산물-먹거리·로컬장터,2025-09-19,2025-09-28
1110,충남,금산군,제5회 금산삼계탕축제,지역특산물-먹거리·로컬장터,2025-05-30,2025-06-01
1114,충남,부여군,제23회 부여서동연꽃축제,문화예술-음악·공연,2025-07-04,2025-07-06
1115,충남,부여군,제71회 백제문화제,전통역사-전통·민속,2025-10-03,2025-10-12
1116,충남,부여군,제20회 부여 굿뜨래 알밤축제,지역특산물-농산물·과일·채소,2025-10-01,2025-10-10
1117,충남,부여군,2025 부여 세도 방울토마토&유채꽃 축제,지역특산물-먹거리·로컬장터,2025-04-18,2025-04-20
1118,충남,부여군,제22회 백제고도 부여국화축제,자연생태-산·숲·생태,2025-10-31,2025-11-09
1119,충남,서천군,동백꽃 주꾸미 축제,지역특산물-먹거리·로컬장터,2025-03-16,2025-03-30
1122,충남,서천군,제35회 한산모시문화제,문화예술-음악·공연,2025-06-13,2025-06-13
1123,충남,서천군,춘장대해수욕장 여름문화예술 축제,문화예술-음악·공연,2025-07-26,2025-07-27
1124,충남,서천군,제3회 장항 맥문동 꽃 축제,자연생태-꽃·식물,2025-08-28,2025-08-31
1126,충남,서천군,한산소곡주축제,지역특산물-먹거리·로컬장터,2025-10-25,2025-10-26
1129,충남,서천군,서천철새여행,자연생태-철새,2025-11-29,2025-11-30
1133,충남,홍성군,제24회 홍성사랑국화축제,자연생태-산·숲·생태,2025-10-21,2025-10-26
1136,충남,홍성군,홍성 남당항 새조개와 함께하는 수산물축제,지역특산물-수산·해산물,2025-02-07,2025-04-07
1137,충남,홍성군,홍성 남당항 대하축제,지역특산물-먹거리·로컬장터,2025-08-29,2025-10-31
1138,충남,홍성군,광천김토굴새우젓 대축제,지역특산물-수산·해산물,2025-10-17,2025-10-19
1139,충남,홍성군,글로벌 바비큐 페스티벌 in 홍성,지역특산물-먹거리·로컬장터,2025-10-30,2025-11-02
1141,충남,예산군,제52회 윤봉길 평화축제,전통역사-전통·민속,2025-04-26,2025-04-27
1145,충남,예산군,제6회 예산황새축제,자연생태-산·숲·생태,2025-09-06,2025-09-07
1147,충남,태안군,제2회 신진도항 오징어축제,지역특산물-먹거리·로컬장터,2025-08-02,2025-08-04
1148,충남,태안군,안면도 백사장 대하축제,지역특산물-먹거리·로컬장터,2025-10-01,2025-10-10
1151,충남,태안군,2025 꽃과바다 태안국화축제,자연생태-꽃·식물,2025-10-31,2025-11-09
1152,제주,-,탐라국입춘굿,전통역사-전통·민속,2025-02-02,2025-02-04
1157,제주,-,제10회제주푸드앤와인페스티벌,지역특산물-술·음료,2025-05-08,2025-05-17
1160,제주,-,제주 반려동물 문화산업 한마당,문화예술-음악·공연,2025-05-30,2025-06-01
1172,제주,제주시,2025 제주들불축제,전통역사-전통·민속,2025-03-14,2025-03-16
1179,제주,제주시,우도 소라축제,지역특산물-먹거리·로컬장터,2025-04-18,2025-04-20
1181,제주,제주시,제18회 전농로 왕벚꽃축제,자연생태-꽃·식물,2025-03-28,2025-03-30
1186,제주,제주시,제22회 방선문축제,전통역사-전통·민속,2025-05-04,2025-05-05
1190,제주,서귀포시,제42회 서귀포유채꽃축제,자연생태-꽃·식물,2025-03-29,2025-03-30
1191,제주,서귀포시,제31회 서귀포칠십리축제,문화예술-음악·공연,2025-10-24,2025-10-26
1210,경기,부천시,부천 원미산 진달래 축제,문화예술-음악·공연,2025-03-29,2025-03-30
1211,경기,부천시,부천 페스타(B-festa)-봄꽃여행,문화예술-음악·공연,2025-03-29,2025-04-06
1212,경기,부천시,제27회 부천 도당산 벚꽃축제,문화예술-음악·공연,2025-04-12,2025-04-13
1213,경기,부천시,제40회 복사골예술제,문화예술-음악·공연,2025-05-02,2025-05-05
1214,경기,부천시,소사복숭아축제,문화예술-음악·공연,2025-08-29,2025-08-30
